serie,i,j,v,e,rep,semilla,cola,tiempo_ms,peso_mst,dk_llamadas,dk_tiempo_ns,dk_ops,dk_ops_cascada
A,20,20,1048576,1048576,0,20462928,binomial,1940.751653,524396.882691,1048576,0,8001212,0
A,20,20,1048576,1048576,0,20462928,fibonacci,1294.838118,524396.882691,1048576,0,1454688,409957
A,20,20,1048576,1048576,1,20462929,fibonacci,1269.660787,523850.45124,1048576,0,1444417,401772
A,20,20,1048576,1048576,1,20462929,binomial,1978.645563,523850.45124,1048576,0,8022473,0
A,20,20,1048576,1048576,2,20462930,binomial,1954.96499,524381.294667,1048576,0,7966916,0
A,20,20,1048576,1048576,2,20462930,fibonacci,1273.03064,524381.294667,1048576,0,1424650,383425
A,20,20,1048576,1048576,3,20462931,fibonacci,1278.111861,524471.124216,1048576,0,1420520,379415
A,20,20,1048576,1048576,3,20462931,binomial,1938.160647,524471.124216,1048576,0,7962389,0
A,20,20,1048576,1048576,4,20462932,binomial,1943.110452,524239.02056,1048576,0,7998669,0
A,20,20,1048576,1048576,4,20462932,fibonacci,1263.948639,524239.02056,1048576,0,1444616,400914
A,20,20,1048576,1048576,5,20462933,fibonacci,1279.676117,524043.338436,1048576,0,1430859,389071
A,20,20,1048576,1048576,5,20462933,binomial,1938.469285,524043.338436,1048576,0,7968755,0
A,20,20,1048576,1048576,6,20462934,binomial,1927.446204,524677.101708,1048576,0,8005213,0
A,20,20,1048576,1048576,6,20462934,fibonacci,1239.904424,524677.101708,1048576,0,1452859,408618
A,20,20,1048576,1048576,7,20462935,fibonacci,1280.517711,524103.426533,1048576,0,1422930,380751
A,20,20,1048576,1048576,7,20462935,binomial,1952.757083,524103.426533,1048576,0,7951060,0
A,20,20,1048576,1048576,8,20462936,binomial,1940.271938,524382.507747,1048576,0,8001160,0
A,20,20,1048576,1048576,8,20462936,fibonacci,1265.214542,524382.507747,1048576,0,1448107,404404
A,20,20,1048576,1048576,9,20462937,fibonacci,1277.030748,524343.920566,1048576,0,1453606,409480
A,20,20,1048576,1048576,9,20462937,binomial,1955.632885,524343.920566,1048576,0,8006930,0
A,20,21,1048576,2097152,0,20463028,binomial,2282.77477,299958.829348,1706159,0,7101599,0
A,20,21,1048576,2097152,0,20463028,fibonacci,1782.283205,299958.829348,1706159,0,1741990,418279
A,20,21,1048576,2097152,1,20463029,fibonacci,1781.713849,300106.496864,1705193,0,1740118,417416
A,20,21,1048576,2097152,1,20463029,binomial,2308.498055,300106.496864,1705193,0,7094386,0
A,20,21,1048576,2097152,2,20463030,binomial,2283.155199,299910.576556,1705521,0,7098449,0
A,20,21,1048576,2097152,2,20463030,fibonacci,1778.638549,299910.576556,1705521,0,1741323,418305
A,20,21,1048576,2097152,3,20463031,fibonacci,1787.881774,299493.096528,1706257,0,1740575,416362
A,20,21,1048576,2097152,3,20463031,binomial,2278.434268,299493.096528,1706257,0,7106548,0
A,20,21,1048576,2097152,4,20463032,binomial,2291.735316,299637.665913,1706518,0,7110857,0
A,20,21,1048576,2097152,4,20463032,fibonacci,1803.722383,299637.665913,1706518,0,1742870,418995
A,20,21,1048576,2097152,5,20463033,fibonacci,1764.35545,299822.132686,1706226,0,1741188,417491
A,20,21,1048576,2097152,5,20463033,binomial,2289.777716,299822.132686,1706226,0,7108255,0
A,20,21,1048576,2097152,6,20463034,binomial,2282.031708,299553.27215,1706216,0,7110799,0
A,20,21,1048576,2097152,6,20463034,fibonacci,1790.689025,299553.27215,1706216,0,1743522,419356
A,20,21,1048576,2097152,7,20463035,fibonacci,1770.280358,299970.736936,1706633,0,1743395,419461
A,20,21,1048576,2097152,7,20463035,binomial,2275.350872,299970.736936,1706633,0,7113444,0
A,20,21,1048576,2097152,8,20463036,binomial,2294.785284,299917.737346,1704862,0,7098531,0
A,20,21,1048576,2097152,8,20463036,fibonacci,1786.812624,299917.737346,1704862,0,1739302,416602
A,20,21,1048576,2097152,9,20463037,fibonacci,1789.75915,299388.802922,1705868,0,1742704,419061
A,20,21,1048576,2097152,9,20463037,binomial,2309.883299,299388.802922,1705868,0,7109825,0
A,20,22,1048576,4194304,0,20463128,binomial,2561.550447,156679.666003,2415916,0,7456149,0
A,20,22,1048576,4194304,0,20463128,fibonacci,2103.332959,156679.666003,2415916,0,2166838,568980
A,20,22,1048576,4194304,1,20463129,fibonacci,2095.862529,156380.617668,2416296,0,2160892,566555
A,20,22,1048576,4194304,1,20463129,binomial,2554.740813,156380.617668,2416296,0,7445330,0
A,20,22,1048576,4194304,2,20463130,binomial,2566.357321,156533.208145,2415446,0,7458505,0
A,20,22,1048576,4194304,2,20463130,fibonacci,2078.233905,156533.208145,2415446,0,2167289,571142
A,20,22,1048576,4194304,3,20463131,fibonacci,2084.368134,156493.967585,2415747,0,2164698,567923
A,20,22,1048576,4194304,3,20463131,binomial,2561.123916,156493.967585,2415747,0,7462624,0
A,20,22,1048576,4194304,4,20463132,binomial,2568.809946,156658.808367,2416167,0,7454762,0
A,20,22,1048576,4194304,4,20463132,fibonacci,2079.285897,156658.808367,2416167,0,2163103,567199
A,20,22,1048576,4194304,5,20463133,fibonacci,2087.811965,156443.33908,2413960,0,2164456,570130
A,20,22,1048576,4194304,5,20463133,binomial,2557.636522,156443.33908,2413960,0,7444396,0
A,20,22,1048576,4194304,6,20463134,binomial,2565.235537,156353.70611,2414837,0,7447168,0
A,20,22,1048576,4194304,6,20463134,fibonacci,2075.76571,156353.70611,2414837,0,2162908,568005
A,20,22,1048576,4194304,7,20463135,fibonacci,2067.0014,156157.056174,2413962,0,2166083,570802
A,20,22,1048576,4194304,7,20463135,binomial,2568.476121,156157.056174,2413962,0,7453953,0
A,20,22,1048576,4194304,8,20463136,binomial,2551.238862,156272.647724,2416418,0,7465019,0
A,20,22,1048576,4194304,8,20463136,fibonacci,2072.244082,156272.647724,2416418,0,2165897,569974
A,20,22,1048576,4194304,9,20463137,fibonacci,2051.692338,156320.215343,2416835,0,2168744,570508
A,20,22,1048576,4194304,9,20463137,binomial,2557.623828,156320.215343,2416835,0,7465058,0
A,20,23,1048576,8388608,0,20463228,binomial,2862.334385,78805.2701071,3141570,0,7835458,0
A,20,23,1048576,8388608,0,20463228,fibonacci,2460.959342,78805.2701071,3141570,0,2557574,712243
A,20,23,1048576,8388608,1,20463229,fibonacci,2464.599453,78721.7361779,3140461,0,2559436,713883
A,20,23,1048576,8388608,1,20463229,binomial,2886.161141,78721.7361779,3140461,0,7846887,0
A,20,23,1048576,8388608,2,20463230,binomial,2877.54386,78687.0344794,3140904,0,7846647,0
A,20,23,1048576,8388608,2,20463230,fibonacci,2457.276831,78687.0344794,3140904,0,2562923,716383
A,20,23,1048576,8388608,3,20463231,fibonacci,2463.884661,78644.7441467,3141193,0,2557589,713154
A,20,23,1048576,8388608,3,20463231,binomial,2877.430548,78644.7441467,3141193,0,7837559,0
A,20,23,1048576,8388608,4,20463232,binomial,2882.331134,78724.3765395,3140935,0,7837315,0
A,20,23,1048576,8388608,4,20463232,fibonacci,2456.729094,78724.3765395,3140935,0,2557103,713390
A,20,23,1048576,8388608,5,20463233,fibonacci,2454.014088,78632.2432957,3140833,0,2557026,711457
A,20,23,1048576,8388608,5,20463233,binomial,2865.783211,78632.2432957,3140833,0,7843448,0
A,20,23,1048576,8388608,6,20463234,binomial,2872.988362,78730.0729464,3142668,0,7843421,0
A,20,23,1048576,8388608,6,20463234,fibonacci,2445.903279,78730.0729464,3142668,0,2560457,714395
A,20,23,1048576,8388608,7,20463235,fibonacci,2454.868402,78622.1695652,3138291,0,2555573,712431
A,20,23,1048576,8388608,7,20463235,binomial,2851.472746,78622.1695652,3138291,0,7830339,0
A,20,23,1048576,8388608,8,20463236,binomial,2840.75846,78720.6315057,3140785,0,7839055,0
A,20,23,1048576,8388608,8,20463236,fibonacci,2451.649371,78720.6315057,3140785,0,2557100,712843
A,20,23,1048576,8388608,9,20463237,fibonacci,2445.871709,78825.1635609,3138135,0,2548387,707247
A,20,23,1048576,8388608,9,20463237,binomial,2848.276872,78825.1635609,3138135,0,7817430,0
A,20,24,1048576,16777216,0,20463328,binomial,3363.987204,39324.4839201,3865578,0,8205278,0
A,20,24,1048576,16777216,0,20463328,fibonacci,3050.695214,39324.4839201,3865578,0,2928421,851188
A,20,24,1048576,16777216,1,20463329,fibonacci,3033.879535,39406.1557349,3867132,0,2934734,855108
A,20,24,1048576,16777216,1,20463329,binomial,3342.348537,39406.1557349,3867132,0,8217468,0
A,20,24,1048576,16777216,2,20463330,binomial,3292.692111,39381.3472331,3866834,0,8210992,0
A,20,24,1048576,16777216,2,20463330,fibonacci,3027.20246,39381.3472331,3866834,0,2930325,851525
A,20,24,1048576,16777216,3,20463331,fibonacci,3024.998426,39360.091183,3866442,0,2930515,852122
A,20,24,1048576,16777216,3,20463331,binomial,3289.816888,39360.091183,3866442,0,8211940,0
A,20,24,1048576,16777216,4,20463332,binomial,3319.814973,39363.5463415,3869434,0,8221426,0
A,20,24,1048576,16777216,4,20463332,fibonacci,3105.105708,39363.5463415,3869434,0,2936600,855038
A,20,24,1048576,16777216,5,20463333,fibonacci,3107.02453,39328.2995511,3867069,0,2928708,850617
A,20,24,1048576,16777216,5,20463333,binomial,3342.373577,39328.2995511,3867069,0,8205059,0
A,20,24,1048576,16777216,6,20463334,binomial,3310.109118,39342.2897159,3868724,0,8216862,0
A,20,24,1048576,16777216,6,20463334,fibonacci,3016.381243,39342.2897159,3868724,0,2934118,853240
A,20,24,1048576,16777216,7,20463335,fibonacci,3029.300005,39352.2153551,3869378,0,2931660,852293
A,20,24,1048576,16777216,7,20463335,binomial,3329.939758,39352.2153551,3869378,0,8213762,0
A,20,24,1048576,16777216,8,20463336,binomial,3338.625599,39384.0100446,3865246,0,8202247,0
A,20,24,1048576,16777216,8,20463336,fibonacci,3068.102276,39384.0100446,3865246,0,2928733,850814
A,20,24,1048576,16777216,9,20463337,fibonacci,3083.882695,39326.7398756,3867643,0,2932724,853660
A,20,24,1048576,16777216,9,20463337,binomial,3336.453496,39326.7398756,3867643,0,8213062,0
B,18,24,262144,16777216,0,21443328,binomial,1015.037912,2461.79559843,1329146,0,2068557,0
B,18,24,262144,16777216,0,21443328,fibonacci,1031.369729,2461.79559843,1329146,0,913780,281034
B,18,24,262144,16777216,1,21443329,fibonacci,1051.947006,2459.15578361,1331753,0,913520,280934
B,18,24,262144,16777216,1,21443329,binomial,1019.16421,2459.15578361,1331753,0,2065361,0
B,18,24,262144,16777216,2,21443330,binomial,1035.054672,2451.70703192,1329693,0,2068851,0
B,18,24,262144,16777216,2,21443330,fibonacci,1044.975868,2451.70703192,1329693,0,915361,282065
B,18,24,262144,16777216,3,21443331,fibonacci,1023.020258,2459.18734751,1330646,0,913057,280452
B,18,24,262144,16777216,3,21443331,binomial,1010.860965,2459.18734751,1330646,0,2066932,0
B,18,24,262144,16777216,4,21443332,binomial,1009.753538,2464.98770687,1329548,0,2067687,0
B,18,24,262144,16777216,4,21443332,fibonacci,1035.427653,2464.98770687,1329548,0,912590,280469
B,18,24,262144,16777216,5,21443333,fibonacci,1027.508501,2468.14660282,1331595,0,913473,280735
B,18,24,262144,16777216,5,21443333,binomial,999.70543,2468.14660282,1331595,0,2063234,0
B,18,24,262144,16777216,6,21443334,binomial,1030.680215,2456.06795114,1329519,0,2069012,0
B,18,24,262144,16777216,6,21443334,fibonacci,1046.758831,2456.06795114,1329519,0,914550,281323
B,18,24,262144,16777216,7,21443335,fibonacci,1024.374626,2458.51343723,1330152,0,915437,282030
B,18,24,262144,16777216,7,21443335,binomial,1012.45947,2458.51343723,1330152,0,2073656,0
B,18,24,262144,16777216,8,21443336,binomial,1001.80383,2466.21628678,1330078,0,2069757,0
B,18,24,262144,16777216,8,21443336,fibonacci,1008.561657,2466.21628678,1330078,0,914604,282121
B,18,24,262144,16777216,9,21443337,fibonacci,1021.930614,2461.64534853,1328472,0,910471,279324
B,18,24,262144,16777216,9,21443337,binomial,998.426349,2461.64534853,1328472,0,2062338,0
B,19,24,524288,16777216,0,21453328,binomial,1789.144258,9829.79438708,2294006,0,4117604,0
B,19,24,524288,16777216,0,21453328,fibonacci,1762.850332,9829.79438708,2294006,0,1647830,495562
B,19,24,524288,16777216,1,21453329,fibonacci,1763.41295,9830.81788891,2296240,0,1646189,494303
B,19,24,524288,16777216,1,21453329,binomial,1799.723429,9830.81788891,2296240,0,4115781,0
B,19,24,524288,16777216,2,21453330,binomial,1786.597886,9861.50740961,2297707,0,4116268,0
B,19,24,524288,16777216,2,21453330,fibonacci,1753.922976,9861.50740961,2297707,0,1646536,494630
B,19,24,524288,16777216,3,21453331,fibonacci,1755.764175,9824.06818118,2297765,0,1650022,495636
B,19,24,524288,16777216,3,21453331,binomial,1813.483846,9824.06818118,2297765,0,4129238,0
B,19,24,524288,16777216,4,21453332,binomial,1804.668238,9839.89741423,2298379,0,4123846,0
B,19,24,524288,16777216,4,21453332,fibonacci,1747.257424,9839.89741423,2298379,0,1648198,494589
B,19,24,524288,16777216,5,21453333,fibonacci,1756.194387,9860.70968338,2296126,0,1647294,494338
B,19,24,524288,16777216,5,21453333,binomial,1797.987839,9860.70968338,2296126,0,4116033,0
B,19,24,524288,16777216,6,21453334,binomial,1815.033902,9860.74085216,2297076,0,4121383,0
B,19,24,524288,16777216,6,21453334,fibonacci,1753.769711,9860.74085216,2297076,0,1647850,495130
B,19,24,524288,16777216,7,21453335,fibonacci,1744.014214,9853.73215611,2297968,0,1648085,494722
B,19,24,524288,16777216,7,21453335,binomial,1800.117586,9853.73215611,2297968,0,4127869,0
B,19,24,524288,16777216,8,21453336,binomial,1803.374834,9830.12614592,2297039,0,4120038,0
B,19,24,524288,16777216,8,21453336,fibonacci,1744.817539,9830.12614592,2297039,0,1646695,493262
B,19,24,524288,16777216,9,21453337,fibonacci,1749.236325,9855.23363793,2296897,0,1646752,494624
B,19,24,524288,16777216,9,21453337,binomial,1793.519054,9855.23363793,2296897,0,4119446,0
B,20,24,1048576,16777216,0,21463328,binomial,3379.93344,39369.7827182,3865615,0,8204670,0
B,20,24,1048576,16777216,0,21463328,fibonacci,3115.364113,39369.7827182,3865615,0,2927764,850490
B,20,24,1048576,16777216,1,21463329,fibonacci,3113.190456,39406.7388382,3866885,0,2935411,854699
B,20,24,1048576,16777216,1,21463329,binomial,3371.842857,39406.7388382,3866885,0,8214966,0
B,20,24,1048576,16777216,2,21463330,binomial,3310.92143,39410.8408252,3866902,0,8206257,0
B,20,24,1048576,16777216,2,21463330,fibonacci,3025.11274,39410.8408252,3866902,0,2930150,851750
B,20,24,1048576,16777216,3,21463331,fibonacci,3083.687807,39373.0033052,3868603,0,2930851,851626
B,20,24,1048576,16777216,3,21463331,binomial,3333.608621,39373.0033052,3868603,0,8217119,0
B,20,24,1048576,16777216,4,21463332,binomial,3304.212069,39304.9950035,3867489,0,8224784,0
B,20,24,1048576,16777216,4,21463332,fibonacci,3008.210251,39304.9950035,3867489,0,2935658,854951
B,20,24,1048576,16777216,5,21463333,fibonacci,3066.934781,39320.3915051,3867010,0,2932018,852342
B,20,24,1048576,16777216,5,21463333,binomial,3290.069829,39320.3915051,3867010,0,8201582,0
B,20,24,1048576,16777216,6,21463334,binomial,3360.308932,39402.0183906,3867563,0,8200539,0
B,20,24,1048576,16777216,6,21463334,fibonacci,3089.567853,39402.0183906,3867563,0,2933330,854134
B,20,24,1048576,16777216,7,21463335,fibonacci,3038.530395,39363.5082673,3868141,0,2933904,853406
B,20,24,1048576,16777216,7,21463335,binomial,3348.761827,39363.5082673,3868141,0,8213250,0
B,20,24,1048576,16777216,8,21463336,binomial,3358.883804,39379.8399933,3865614,0,8211022,0
B,20,24,1048576,16777216,8,21463336,fibonacci,3029.594737,39379.8399933,3865614,0,2933798,854039
B,20,24,1048576,16777216,9,21463337,fibonacci,3012.965053,39332.596494,3867645,0,2933039,852855
B,20,24,1048576,16777216,9,21463337,binomial,3312.703321,39332.596494,3867645,0,8211155,0
B,21,24,2097152,16777216,0,21473328,binomial,6519.254405,157405.447008,6281126,0,16351084,0
B,21,24,2097152,16777216,0,21473328,fibonacci,5380.494468,157405.447008,6281126,0,5114157,1425795
B,21,24,2097152,16777216,1,21473329,fibonacci,5339.162148,157585.071015,6277916,0,5114692,1426863
B,21,24,2097152,16777216,1,21473329,binomial,6443.85429,157585.071015,6277916,0,16344684,0
B,21,24,2097152,16777216,2,21473330,binomial,6425.016469,157412.309298,6283463,0,16359651,0
B,21,24,2097152,16777216,2,21473330,fibonacci,5311.925831,157412.309298,6283463,0,5119544,1427058
B,21,24,2097152,16777216,3,21473331,fibonacci,5360.022629,157548.093765,6280288,0,5119498,1430347
B,21,24,2097152,16777216,3,21473331,binomial,6500.72667,157548.093765,6280288,0,16354453,0
B,21,24,2097152,16777216,4,21473332,binomial,6484.735967,157622.871514,6280236,0,16330316,0
B,21,24,2097152,16777216,4,21473332,fibonacci,5405.739941,157622.871514,6280236,0,5113935,1425073
B,21,24,2097152,16777216,5,21473333,fibonacci,5329.300644,157616.641493,6282800,0,5119234,1428094
B,21,24,2097152,16777216,5,21473333,binomial,6455.865778,157616.641493,6282800,0,16357927,0
B,21,24,2097152,16777216,6,21473334,binomial,6419.596886,157431.478071,6279573,0,16359348,0
B,21,24,2097152,16777216,6,21473334,fibonacci,5307.395035,157431.478071,6279573,0,5118498,1428888
B,21,24,2097152,16777216,7,21473335,fibonacci,5345.737722,157196.708333,6282011,0,5116680,1428494
B,21,24,2097152,16777216,7,21473335,binomial,6437.304743,157196.708333,6282011,0,16362390,0
B,21,24,2097152,16777216,8,21473336,binomial,6422.147113,157406.731906,6279873,0,16356715,0
B,21,24,2097152,16777216,8,21473336,fibonacci,5329.837264,157406.731906,6279873,0,5113882,1426408
B,21,24,2097152,16777216,9,21473337,fibonacci,5308.018901,157319.833109,6281407,0,5114976,1425227
B,21,24,2097152,16777216,9,21473337,binomial,6434.003111,157319.833109,6281407,0,16359245,0
B,22,24,4194304,16777216,0,21483328,binomial,13256.399489,624595.188837,9665075,0,32547638,0
B,22,24,4194304,16777216,0,21483328,fibonacci,9943.627705,624595.188837,9665075,0,8667368,2278514
B,22,24,4194304,16777216,1,21483329,fibonacci,9927.410431,625654.814406,9661711,0,8662450,2276461
B,22,24,4194304,16777216,1,21483329,binomial,13208.294414,625654.814406,9661711,0,32547535,0
B,22,24,4194304,16777216,2,21483330,binomial,13155.300855,625381.656919,9661394,0,32525188,0
B,22,24,4194304,16777216,2,21483330,fibonacci,10034.301824,625381.656919,9661394,0,8662089,2276587
B,22,24,4194304,16777216,3,21483331,fibonacci,10096.371905,626258.784709,9666596,0,8664937,2277739
B,22,24,4194304,16777216,3,21483331,binomial,13172.601424,626258.784709,9666596,0,32550694,0
B,22,24,4194304,16777216,4,21483332,binomial,13127.058326,626101.146464,9663385,0,32518656,0
B,22,24,4194304,16777216,4,21483332,fibonacci,10118.257622,626101.146464,9663385,0,8651671,2270640
B,22,24,4194304,16777216,5,21483333,fibonacci,10165.414449,625722.011154,9662852,0,8658131,2273166
B,22,24,4194304,16777216,5,21483333,binomial,13288.507516,625722.011154,9662852,0,32527392,0
B,22,24,4194304,16777216,6,21483334,binomial,13255.21674,625831.541606,9665083,0,32545633,0
B,22,24,4194304,16777216,6,21483334,fibonacci,10095.808104,625831.541606,9665083,0,8667341,2280672
B,22,24,4194304,16777216,7,21483335,fibonacci,10169.734097,626053.984821,9662275,0,8659478,2275630
B,22,24,4194304,16777216,7,21483335,binomial,13174.81746,626053.984821,9662275,0,32526802,0
B,22,24,4194304,16777216,8,21483336,binomial,13124.818417,625754.553882,9662161,0,32532171,0
B,22,24,4194304,16777216,8,21483336,fibonacci,10076.192907,625754.553882,9662161,0,8657755,2273998
B,22,24,4194304,16777216,9,21483337,fibonacci,9927.175317,625344.265269,9659710,0,8654747,2273095
B,22,24,4194304,16777216,9,21483337,binomial,13171.798616,625344.265269,9659710,0,32525137,0
C,18,18,262144,262144,0,22442728,binomial,354.868777,131276.92117,262144,74060292,1761320,0
C,18,18,262144,262144,0,22442728,fibonacci,304.226784,131276.92117,262144,59313279,358179,97830
C,18,18,262144,262144,1,22442729,fibonacci,301.331783,131019.781096,262144,56005983,357634,97204
C,18,18,262144,262144,1,22442729,binomial,352.563007,131019.781096,262144,73583734,1759813,0
C,18,18,262144,262144,2,22442730,binomial,349.620677,130919.117655,262144,71881621,1762294,0
C,18,18,262144,262144,2,22442730,fibonacci,302.850668,130919.117655,262144,57138573,361202,100757
C,18,18,262144,262144,3,22442731,fibonacci,305.579084,131065.651421,262144,58918716,361064,100366
C,18,18,262144,262144,3,22442731,binomial,352.508805,131065.651421,262144,73012539,1759256,0
C,18,18,262144,262144,4,22442732,binomial,355.552777,131238.935631,262144,74301569,1765305,0
C,18,18,262144,262144,4,22442732,fibonacci,304.471986,131238.935631,262144,59431240,358379,98183
C,18,18,262144,262144,5,22442733,fibonacci,307.296614,131087.885974,262143,59222844,357114,96462
C,18,18,262144,262144,5,22442733,binomial,353.670456,131087.885974,262143,72849504,1752363,0
C,18,18,262144,262144,6,22442734,binomial,352.883883,131217.483813,262144,73448675,1756146,0
C,18,18,262144,262144,6,22442734,fibonacci,304.397345,131217.483813,262144,58708314,355993,95699
C,18,18,262144,262144,7,22442735,fibonacci,302.206353,131123.909513,262144,58224368,362008,100886
C,18,18,262144,262144,7,22442735,binomial,346.769289,131123.909513,262144,70047495,1764496,0
C,18,18,262144,262144,8,22442736,binomial,350.326188,131194.77715,262144,72401462,1748696,0
C,18,18,262144,262144,8,22442736,fibonacci,306.253627,131194.77715,262144,57436526,351326,91491
C,18,18,262144,262144,9,22442737,fibonacci,301.771763,130948.361257,262144,57264763,359544,98832
C,18,18,262144,262144,9,22442737,binomial,344.211334,130948.361257,262144,70750678,1758122,0
C,18,19,262144,524288,0,22442828,binomial,447.549534,74926.7018371,426696,110949178,1608251,0
C,18,19,262144,524288,0,22442828,fibonacci,428.921066,74926.7018371,426696,95232628,435719,104458
C,18,19,262144,524288,1,22442829,fibonacci,433.207902,74927.7803505,426321,95156352,435703,104852
C,18,19,262144,524288,1,22442829,binomial,446.758922,74927.7803505,426321,110025794,1608873,0
C,18,19,262144,524288,2,22442830,binomial,449.214374,74919.5709002,426341,110726080,1607775,0
C,18,19,262144,524288,2,22442830,fibonacci,429.91398,74919.5709002,426341,93451048,435502,104823
C,18,19,262144,524288,3,22442831,fibonacci,428.541491,74887.8011121,426394,92223066,435296,104690
C,18,19,262144,524288,3,22442831,binomial,443.001124,74887.8011121,426394,108740733,1608331,0
C,18,19,262144,524288,4,22442832,binomial,445.880015,75057.1014454,426668,110071926,1604196,0
C,18,19,262144,524288,4,22442832,fibonacci,432.008029,75057.1014454,426668,94183128,434777,103688
C,18,19,262144,524288,5,22442833,fibonacci,434.990575,75187.6411328,426264,95148452,434707,104197
C,18,19,262144,524288,5,22442833,binomial,451.593722,75187.6411328,426264,111437663,1603957,0
C,18,19,262144,524288,6,22442834,binomial,448.534943,75004.5016501,426187,110808433,1603020,0
C,18,19,262144,524288,6,22442834,fibonacci,427.38014,75004.5016501,426187,92671583,434824,104347
C,18,19,262144,524288,7,22442835,fibonacci,428.137929,74831.9058377,426505,94299295,435261,104752
C,18,19,262144,524288,7,22442835,binomial,451.175463,74831.9058377,426505,110299497,1605044,0
C,18,19,262144,524288,8,22442836,binomial,449.768029,74923.6379345,426848,110999121,1604745,0
C,18,19,262144,524288,8,22442836,fibonacci,428.740687,74923.6379345,426848,93899349,435483,104221
C,18,19,262144,524288,9,22442837,fibonacci,431.644153,74867.189918,426368,93611243,433986,103773
C,18,19,262144,524288,9,22442837,binomial,449.042941,74867.189918,426368,110939550,1602798,0
C,18,20,262144,1048576,0,22442928,binomial,534.543406,39054.0533322,604396,149141016,1691628,0
C,18,20,262144,1048576,0,22442928,fibonacci,524.937927,39054.0533322,604396,140635799,540123,141094
C,18,20,262144,1048576,1,22442929,fibonacci,518.297041,39161.9656506,604149,138882485,542391,142541
C,18,20,262144,1048576,1,22442929,binomial,536.573815,39161.9656506,604149,150390793,1697259,0
C,18,20,262144,1048576,2,22442930,binomial,532.87599,38870.6789193,604351,148241136,1699097,0
C,18,20,262144,1048576,2,22442930,fibonacci,522.437431,38870.6789193,604351,140027055,541613,142055
C,18,20,262144,1048576,3,22442931,fibonacci,524.912159,38989.3979583,603627,140525070,541852,142442
C,18,20,262144,1048576,3,22442931,binomial,523.246346,38989.3979583,603627,146239245,1695429,0
C,18,20,262144,1048576,4,22442932,binomial,527.088704,39252.0877983,604443,146824865,1699013,0
C,18,20,262144,1048576,4,22442932,fibonacci,523.911651,39252.0877983,604443,140426438,541441,142272
C,18,20,262144,1048576,5,22442933,fibonacci,521.981961,39093.1791381,603301,140570212,540719,142507
C,18,20,262144,1048576,5,22442933,binomial,527.237044,39093.1791381,603301,147844946,1692833,0
C,18,20,262144,1048576,6,22442934,binomial,531.563034,39088.1922736,603426,148824927,1693505,0
C,18,20,262144,1048576,6,22442934,fibonacci,519.714695,39088.1922736,603426,139389885,541304,142295
C,18,20,262144,1048576,7,22442935,fibonacci,522.724552,39199.4090505,603331,141573500,542734,143381
C,18,20,262144,1048576,7,22442935,binomial,528.03032,39199.4090505,603331,148494155,1694650,0
C,18,20,262144,1048576,8,22442936,binomial,532.200416,39041.2920829,604100,149820752,1694527,0
C,18,20,262144,1048576,8,22442936,fibonacci,518.046198,39041.2920829,604100,140552127,541215,141589
C,18,20,262144,1048576,9,22442937,fibonacci,517.094282,38944.174997,603552,139140552,541377,142423
C,18,20,262144,1048576,9,22442937,binomial,530.868845,38944.174997,603552,148490899,1695201,0
C,18,21,262144,2097152,0,22443028,binomial,618.997456,19589.9713505,784854,185420131,1791864,0
C,18,21,262144,2097152,0,22443028,fibonacci,615.332823,19589.9713505,784854,186214858,640099,178706
C,18,21,262144,2097152,1,22443029,fibonacci,618.57072,19733.7499136,784817,186548170,639575,178040
C,18,21,262144,2097152,1,22443029,binomial,628.822467,19733.7499136,784817,189972338,1792296,0
C,18,21,262144,2097152,2,22443030,binomial,620.49529,19666.7938946,784972,187522390,1790095,0
C,18,21,262144,2097152,2,22443030,fibonacci,614.511584,19666.7938946,784972,185768586,638870,178199
C,18,21,262144,2097152,3,22443031,fibonacci,621.961105,19637.0417471,785023,190149439,640006,178604
C,18,21,262144,2097152,3,22443031,binomial,629.696847,19637.0417471,785023,189195402,1791435,0
C,18,21,262144,2097152,4,22443032,binomial,631.651634,19672.3696104,785294,189343740,1789999,0
C,18,21,262144,2097152,4,22443032,fibonacci,619.214805,19672.3696104,785294,188376846,639612,178331
C,18,21,262144,2097152,5,22443033,fibonacci,627.175461,19756.3980882,786487,189345553,639845,178696
C,18,21,262144,2097152,5,22443033,binomial,619.819476,19756.3980882,786487,187069592,1789709,0
C,18,21,262144,2097152,6,22443034,binomial,618.794854,19741.541619,785276,186210683,1789186,0
C,18,21,262144,2097152,6,22443034,fibonacci,620.09233,19741.541619,785276,189194905,639566,178576
C,18,21,262144,2097152,7,22443035,fibonacci,622.17601,19624.8107647,785358,189350611,640388,178468
C,18,21,262144,2097152,7,22443035,binomial,621.424453,19624.8107647,785358,186167901,1793529,0
C,18,21,262144,2097152,8,22443036,binomial,617.735806,19747.4573351,784434,186207191,1786595,0
C,18,21,262144,2097152,8,22443036,fibonacci,622.179197,19747.4573351,784434,188626823,638650,177403
C,18,21,262144,2097152,9,22443037,fibonacci,619.458806,19711.2235369,783870,188668169,637351,177084
C,18,21,262144,2097152,9,22443037,binomial,621.885092,19711.2235369,783870,188442692,1785330,0
C,18,22,262144,4194304,0,22443128,binomial,743.707087,9855.08935581,965595,227236107,1882124,0
C,18,22,262144,4194304,0,22443128,fibonacci,750.036406,9855.08935581,965595,234336265,731945,212580
C,18,22,262144,4194304,1,22443129,fibonacci,761.364784,9869.85735716,966807,238443091,731639,212513
C,18,22,262144,4194304,1,22443129,binomial,753.464101,9869.85735716,966807,229720526,1881661,0
C,18,22,262144,4194304,2,22443130,binomial,753.067263,9869.20660729,966992,230162115,1882301,0
C,18,22,262144,4194304,2,22443130,fibonacci,760.348147,9869.20660729,966992,237115970,733675,212789
C,18,22,262144,4194304,3,22443131,fibonacci,752.556169,9839.78391,965815,234197585,731631,212542
C,18,22,262144,4194304,3,22443131,binomial,745.034862,9839.78391,965815,227736329,1883154,0
C,18,22,262144,4194304,4,22443132,binomial,739.408329,9824.51945681,966237,225496270,1878418,0
C,18,22,262144,4194304,4,22443132,fibonacci,760.837209,9824.51945681,966237,237092063,730433,211179
C,18,22,262144,4194304,5,22443133,fibonacci,747.884026,9839.07925294,966688,235019753,732563,212635
C,18,22,262144,4194304,5,22443133,binomial,736.492319,9839.07925294,966688,225908255,1881365,0
C,18,22,262144,4194304,6,22443134,binomial,739.965369,9854.74221563,966195,225591872,1882270,0
C,18,22,262144,4194304,6,22443134,fibonacci,759.15225,9854.74221563,966195,238023030,731549,211830
C,18,22,262144,4194304,7,22443135,fibonacci,759.002789,9832.90544571,966993,239233911,733154,213548
C,18,22,262144,4194304,7,22443135,binomial,740.422151,9832.90544571,966993,226337595,1886727,0
C,18,22,262144,4194304,8,22443136,binomial,735.825851,9848.08925046,966926,224906817,1886983,0
C,18,22,262144,4194304,8,22443136,fibonacci,758.957674,9848.08925046,966926,238790782,734017,213894
C,18,22,262144,4194304,9,22443137,fibonacci,754.270212,9831.89035127,967170,237706891,733544,213358
C,18,22,262144,4194304,9,22443137,binomial,740.871679,9831.89035127,967170,227601786,1888163,0
D,14,22,16384,4194304,0,23403128,binomial,54.798864,37.9509531467,105908,5465638,119530,0
D,14,22,16384,4194304,0,23403128,fibonacci,54.60598,37.9509531467,105908,6200204,67776,21382
D,14,22,16384,4194304,1,23403129,fibonacci,54.146714,38.776526825,105673,6039433,66774,20761
D,14,22,16384,4194304,1,23403129,binomial,54.099053,38.776526825,105673,5213487,118177,0
D,14,22,16384,4194304,2,23403130,binomial,54.533143,37.952473162,105588,5365441,119258,0
D,14,22,16384,4194304,2,23403130,fibonacci,54.475875,37.952473162,105588,6226190,67087,21022
D,14,22,16384,4194304,3,23403131,fibonacci,54.706759,38.5217413262,106136,6313438,68071,21423
D,14,22,16384,4194304,3,23403131,binomial,54.626899,38.5217413262,106136,5373762,119614,0
D,14,22,16384,4194304,4,23403132,binomial,54.730535,38.2291742042,105829,5405784,119774,0
D,14,22,16384,4194304,4,23403132,fibonacci,54.61111,38.2291742042,105829,6177716,68045,21510
D,14,22,16384,4194304,5,23403133,fibonacci,54.381617,38.7416820643,105857,6281843,67883,21350
D,14,22,16384,4194304,5,23403133,binomial,54.295825,38.7416820643,105857,5296149,118884,0
D,14,22,16384,4194304,6,23403134,binomial,54.27752,37.9987561374,105448,5266333,118111,0
D,14,22,16384,4194304,6,23403134,fibonacci,54.493237,37.9987561374,105448,6305140,67251,21099
D,14,22,16384,4194304,7,23403135,fibonacci,54.658118,38.8141836151,105770,6299729,67735,21207
D,14,22,16384,4194304,7,23403135,binomial,54.139941,38.8141836151,105770,5253171,118844,0
D,14,22,16384,4194304,8,23403136,binomial,53.998424,38.5975611995,105387,5203477,118069,0
D,14,22,16384,4194304,8,23403136,fibonacci,54.909382,38.5975611995,105387,6523824,67594,21246
D,14,22,16384,4194304,9,23403137,fibonacci,54.572246,38.1807166601,105811,6433915,67905,21443
D,14,22,16384,4194304,9,23403137,binomial,54.422995,38.1807166601,105811,5313051,118710,0
D,15,22,32768,4194304,0,23413128,binomial,82.174741,153.121418545,188897,12384837,239023,0
D,15,22,32768,4194304,0,23413128,fibonacci,88.375958,153.121418545,188897,15872514,125399,39255
D,15,22,32768,4194304,1,23413129,fibonacci,86.513555,153.414323778,188265,15077807,124327,38686
D,15,22,32768,4194304,1,23413129,binomial,82.056498,153.414323778,188265,12333964,238031,0
D,15,22,32768,4194304,2,23413130,binomial,81.750721,151.949204863,188294,11936812,237090,0
D,15,22,32768,4194304,2,23413130,fibonacci,86.422273,151.949204863,188294,15138092,124567,38825
D,15,22,32768,4194304,3,23413131,fibonacci,86.946762,152.879135825,188968,15599137,124274,38584
D,15,22,32768,4194304,3,23413131,binomial,81.954225,152.879135825,188968,12130806,237517,0
D,15,22,32768,4194304,4,23413132,binomial,82.399455,154.025158343,189160,12326648,238712,0
D,15,22,32768,4194304,4,23413132,fibonacci,86.65442,154.025158343,189160,15344578,125107,39143
D,15,22,32768,4194304,5,23413133,fibonacci,86.68598,154.33204294,188989,15439737,124906,39027
D,15,22,32768,4194304,5,23413133,binomial,82.658854,154.33204294,188989,12406877,237813,0
D,15,22,32768,4194304,6,23413134,binomial,82.74153,152.590035182,189069,11999694,238651,0
D,15,22,32768,4194304,6,23413134,fibonacci,87.830429,152.590035182,189069,15462415,124972,38904
D,15,22,32768,4194304,7,23413135,fibonacci,87.577662,154.936111382,189252,15125767,124536,38865
D,15,22,32768,4194304,7,23413135,binomial,82.695624,154.936111382,189252,12064899,237337,0
D,15,22,32768,4194304,8,23413136,binomial,82.298415,153.98374261,189177,12177474,236967,0
D,15,22,32768,4194304,8,23413136,fibonacci,86.577215,153.98374261,189177,15255761,124088,38324
D,15,22,32768,4194304,9,23413137,fibonacci,86.918229,153.772103895,189378,15380820,125625,39385
D,15,22,32768,4194304,9,23413137,binomial,82.215718,153.772103895,189378,12230077,239499,0
D,16,22,65536,4194304,0,23423128,binomial,152.863727,616.290736743,333611,39192645,476271,0
D,16,22,65536,4194304,0,23423128,fibonacci,172.518951,616.290736743,333611,51099472,228826,70088
D,16,22,65536,4194304,1,23423129,fibonacci,172.012186,613.493390972,332799,51141016,228189,69961
D,16,22,65536,4194304,1,23423129,binomial,150.848035,613.493390972,332799,38150776,474733,0
D,16,22,65536,4194304,2,23423130,binomial,151.071145,615.801616919,332626,38362030,475720,0
D,16,22,65536,4194304,2,23423130,fibonacci,171.170268,615.801616919,332626,50609188,228043,70044
D,16,22,65536,4194304,3,23423131,fibonacci,171.649822,615.764880816,332109,50684044,227822,69489
D,16,22,65536,4194304,3,23423131,binomial,150.986035,615.764880816,332109,38680684,474281,0
D,16,22,65536,4194304,4,23423132,binomial,150.92529,615.811242832,332205,38254851,473829,0
D,16,22,65536,4194304,4,23423132,fibonacci,171.772924,615.811242832,332205,51132073,227920,70032
D,16,22,65536,4194304,5,23423133,fibonacci,171.275857,614.562779115,332296,51157191,228080,70105
D,16,22,65536,4194304,5,23423133,binomial,150.603033,614.562779115,332296,37695125,474880,0
D,16,22,65536,4194304,6,23423134,binomial,151.478344,613.394288443,333652,39275362,478233,0
D,16,22,65536,4194304,6,23423134,fibonacci,173.162425,613.394288443,333652,52061113,229897,70623
D,16,22,65536,4194304,7,23423135,fibonacci,172.632014,612.344749944,332894,51644389,228094,70054
D,16,22,65536,4194304,7,23423135,binomial,150.522251,612.344749944,332894,37954454,474387,0
D,16,22,65536,4194304,8,23423136,binomial,150.146301,614.503978857,332508,37894133,476372,0
D,16,22,65536,4194304,8,23423136,fibonacci,172.473756,614.503978857,332508,51870541,229065,70646
D,16,22,65536,4194304,9,23423137,fibonacci,173.229562,611.845090111,332749,51322795,227516,69847
D,16,22,65536,4194304,9,23423137,binomial,151.783369,611.845090111,332749,38738068,474462,0
D,17,22,131072,4194304,0,23433128,binomial,348.851006,2469.14788523,574165,106766985,942897,0
D,17,22,131072,4194304,0,23433128,fibonacci,370.752247,2469.14788523,574165,121919235,411748,123359
D,17,22,131072,4194304,1,23433129,fibonacci,377.173268,2462.18074909,574828,123397207,413180,124566
D,17,22,131072,4194304,1,23433129,binomial,348.381329,2462.18074909,574828,106934953,948368,0
D,17,22,131072,4194304,2,23433130,binomial,349.151898,2471.19617992,574438,106687156,947487,0
D,17,22,131072,4194304,2,23433130,fibonacci,375.724633,2471.19617992,574438,122750532,412861,123872
D,17,22,131072,4194304,3,23433131,fibonacci,377.684579,2471.19251754,574355,122443888,412559,123913
D,17,22,131072,4194304,3,23433131,binomial,348.679459,2471.19251754,574355,106681987,948655,0
D,17,22,131072,4194304,4,23433132,binomial,349.05697,2457.1281123,574407,106961816,945111,0
D,17,22,131072,4194304,4,23433132,fibonacci,378.411316,2457.1281123,574407,121874500,412108,123400
D,17,22,131072,4194304,5,23433133,fibonacci,377.044646,2478.84345422,573696,122161149,411901,123825
D,17,22,131072,4194304,5,23433133,binomial,348.061597,2478.84345422,573696,106397509,947680,0
D,17,22,131072,4194304,6,23433134,binomial,347.936111,2457.74789312,574985,106434408,945541,0
D,17,22,131072,4194304,6,23433134,fibonacci,375.475164,2457.74789312,574985,122172936,413017,124053
D,17,22,131072,4194304,7,23433135,fibonacci,375.669609,2471.50355542,574301,122032986,411535,123275
D,17,22,131072,4194304,7,23433135,binomial,348.643171,2471.50355542,574301,106850977,945531,0
D,17,22,131072,4194304,8,23433136,binomial,348.476508,2468.57761062,573823,106360943,946123,0
D,17,22,131072,4194304,8,23433136,fibonacci,371.212978,2468.57761062,573823,122192863,411601,123621
D,17,22,131072,4194304,9,23433137,fibonacci,371.261821,2463.61847277,575054,122806840,411262,123105
D,17,22,131072,4194304,9,23433137,binomial,348.384575,2463.61847277,575054,106462998,946048,0
D,18,22,262144,4194304,0,23443128,binomial,745.691248,9846.59645845,965843,226829269,1885205,0
D,18,22,262144,4194304,0,23443128,fibonacci,766.068531,9846.59645845,965843,241897982,732774,213286
D,18,22,262144,4194304,1,23443129,fibonacci,763.408579,9830.87030026,966409,241586804,730893,211545
D,18,22,262144,4194304,1,23443129,binomial,749.920862,9830.87030026,966409,230081188,1882693,0
D,18,22,262144,4194304,2,23443130,binomial,754.967073,9849.89164833,965570,232145691,1882841,0
D,18,22,262144,4194304,2,23443130,fibonacci,771.80519,9849.89164833,965570,242513773,731487,212349
D,18,22,262144,4194304,3,23443131,fibonacci,758.759325,9847.34734755,966109,237844114,732584,213097
D,18,22,262144,4194304,3,23443131,binomial,749.07969,9847.34734755,966109,228133351,1885261,0
D,18,22,262144,4194304,4,23443132,binomial,748.041417,9847.18388601,966936,229769699,1884968,0
D,18,22,262144,4194304,4,23443132,fibonacci,768.736488,9847.18388601,966936,240941130,731738,212212
D,18,22,262144,4194304,5,23443133,fibonacci,759.114062,9837.42155892,966612,238946591,732917,212632
D,18,22,262144,4194304,5,23443133,binomial,768.7375,9837.42155892,966612,236551253,1882034,0
D,18,22,262144,4194304,6,23443134,binomial,747.382338,9838.75006611,966932,230010460,1883951,0
D,18,22,262144,4194304,6,23443134,fibonacci,760.531026,9838.75006611,966932,239088355,733820,213520
D,18,22,262144,4194304,7,23443135,fibonacci,774.030325,9844.81966505,966891,243445816,733839,212959
D,18,22,262144,4194304,7,23443135,binomial,749.367602,9844.81966505,966891,229639957,1883357,0
D,18,22,262144,4194304,8,23443136,binomial,749.437383,9862.50430282,965768,229997983,1883012,0
D,18,22,262144,4194304,8,23443136,fibonacci,763.596512,9862.50430282,965768,239774652,732591,212756
D,18,22,262144,4194304,9,23443137,fibonacci,760.018252,9846.05342128,967831,239335904,734744,213691
D,18,22,262144,4194304,9,23443137,binomial,744.67201,9846.05342128,967831,229476463,1886969,0
