serie,i,j,rep,cola_ref,peso_ref,cola,peso,diferencia,ok
A,20,20,0,binomial,524396.882691,fibonacci,524396.882691,0,1
A,20,20,1,fibonacci,523850.45124,binomial,523850.45124,0,1
A,20,20,2,binomial,524381.294667,fibonacci,524381.294667,0,1
A,20,20,3,fibonacci,524471.124216,binomial,524471.124216,0,1
A,20,20,4,binomial,524239.02056,fibonacci,524239.02056,0,1
A,20,20,5,fibonacci,524043.338436,binomial,524043.338436,0,1
A,20,20,6,binomial,524677.101708,fibonacci,524677.101708,0,1
A,20,20,7,fibonacci,524103.426533,binomial,524103.426533,0,1
A,20,20,8,binomial,524382.507747,fibonacci,524382.507747,0,1
A,20,20,9,fibonacci,524343.920566,binomial,524343.920566,0,1
A,20,21,0,binomial,299958.829348,fibonacci,299958.829348,0,1
A,20,21,1,fibonacci,300106.496864,binomial,300106.496864,0,1
A,20,21,2,binomial,299910.576556,fibonacci,299910.576556,0,1
A,20,21,3,fibonacci,299493.096528,binomial,299493.096528,0,1
A,20,21,4,binomial,299637.665913,fibonacci,299637.665913,0,1
A,20,21,5,fibonacci,299822.132686,binomial,299822.132686,0,1
A,20,21,6,binomial,299553.27215,fibonacci,299553.27215,0,1
A,20,21,7,fibonacci,299970.736936,binomial,299970.736936,0,1
A,20,21,8,binomial,299917.737346,fibonacci,299917.737346,0,1
A,20,21,9,fibonacci,299388.802922,binomial,299388.802922,0,1
A,20,22,0,binomial,156679.666003,fibonacci,156679.666003,0,1
A,20,22,1,fibonacci,156380.617668,binomial,156380.617668,0,1
A,20,22,2,binomial,156533.208145,fibonacci,156533.208145,0,1
A,20,22,3,fibonacci,156493.967585,binomial,156493.967585,0,1
A,20,22,4,binomial,156658.808367,fibonacci,156658.808367,0,1
A,20,22,5,fibonacci,156443.33908,binomial,156443.33908,0,1
A,20,22,6,binomial,156353.70611,fibonacci,156353.70611,0,1
A,20,22,7,fibonacci,156157.056174,binomial,156157.056174,0,1
A,20,22,8,binomial,156272.647724,fibonacci,156272.647724,0,1
A,20,22,9,fibonacci,156320.215343,binomial,156320.215343,0,1
A,20,23,0,binomial,78805.2701071,fibonacci,78805.2701071,0,1
A,20,23,1,fibonacci,78721.7361779,binomial,78721.7361779,0,1
A,20,23,2,binomial,78687.0344794,fibonacci,78687.0344794,0,1
A,20,23,3,fibonacci,78644.7441467,binomial,78644.7441467,0,1
A,20,23,4,binomial,78724.3765395,fibonacci,78724.3765395,0,1
A,20,23,5,fibonacci,78632.2432957,binomial,78632.2432957,0,1
A,20,23,6,binomial,78730.0729464,fibonacci,78730.0729464,0,1
A,20,23,7,fibonacci,78622.1695652,binomial,78622.1695652,0,1
A,20,23,8,binomial,78720.6315057,fibonacci,78720.6315057,0,1
A,20,23,9,fibonacci,78825.1635609,binomial,78825.1635609,0,1
A,20,24,0,binomial,39324.4839201,fibonacci,39324.4839201,0,1
A,20,24,1,fibonacci,39406.1557349,binomial,39406.1557349,0,1
A,20,24,2,binomial,39381.3472331,fibonacci,39381.3472331,0,1
A,20,24,3,fibonacci,39360.091183,binomial,39360.091183,0,1
A,20,24,4,binomial,39363.5463415,fibonacci,39363.5463415,0,1
A,20,24,5,fibonacci,39328.2995511,binomial,39328.2995511,0,1
A,20,24,6,binomial,39342.2897159,fibonacci,39342.2897159,0,1
A,20,24,7,fibonacci,39352.2153551,binomial,39352.2153551,0,1
A,20,24,8,binomial,39384.0100446,fibonacci,39384.0100446,0,1
A,20,24,9,fibonacci,39326.7398756,binomial,39326.7398756,0,1
B,18,24,0,binomial,2461.79559843,fibonacci,2461.79559843,0,1
B,18,24,1,fibonacci,2459.15578361,binomial,2459.15578361,0,1
B,18,24,2,binomial,2451.70703192,fibonacci,2451.70703192,0,1
B,18,24,3,fibonacci,2459.18734751,binomial,2459.18734751,0,1
B,18,24,4,binomial,2464.98770687,fibonacci,2464.98770687,0,1
B,18,24,5,fibonacci,2468.14660282,binomial,2468.14660282,0,1
B,18,24,6,binomial,2456.06795114,fibonacci,2456.06795114,0,1
B,18,24,7,fibonacci,2458.51343723,binomial,2458.51343723,0,1
B,18,24,8,binomial,2466.21628678,fibonacci,2466.21628678,0,1
B,18,24,9,fibonacci,2461.64534853,binomial,2461.64534853,0,1
B,19,24,0,binomial,9829.79438708,fibonacci,9829.79438708,0,1
B,19,24,1,fibonacci,9830.81788891,binomial,9830.81788891,0,1
B,19,24,2,binomial,9861.50740961,fibonacci,9861.50740961,0,1
B,19,24,3,fibonacci,9824.06818118,binomial,9824.06818118,0,1
B,19,24,4,binomial,9839.89741423,fibonacci,9839.89741423,0,1
B,19,24,5,fibonacci,9860.70968338,binomial,9860.70968338,0,1
B,19,24,6,binomial,9860.74085216,fibonacci,9860.74085216,0,1
B,19,24,7,fibonacci,9853.73215611,binomial,9853.73215611,0,1
B,19,24,8,binomial,9830.12614592,fibonacci,9830.12614592,0,1
B,19,24,9,fibonacci,9855.23363793,binomial,9855.23363793,0,1
B,20,24,0,binomial,39369.7827182,fibonacci,39369.7827182,0,1
B,20,24,1,fibonacci,39406.7388382,binomial,39406.7388382,0,1
B,20,24,2,binomial,39410.8408252,fibonacci,39410.8408252,0,1
B,20,24,3,fibonacci,39373.0033052,binomial,39373.0033052,0,1
B,20,24,4,binomial,39304.9950035,fibonacci,39304.9950035,0,1
B,20,24,5,fibonacci,39320.3915051,binomial,39320.3915051,0,1
B,20,24,6,binomial,39402.0183906,fibonacci,39402.0183906,0,1
B,20,24,7,fibonacci,39363.5082673,binomial,39363.5082673,0,1
B,20,24,8,binomial,39379.8399933,fibonacci,39379.8399933,0,1
B,20,24,9,fibonacci,39332.596494,binomial,39332.596494,0,1
B,21,24,0,binomial,157405.447008,fibonacci,157405.447008,0,1
B,21,24,1,fibonacci,157585.071015,binomial,157585.071015,0,1
B,21,24,2,binomial,157412.309298,fibonacci,157412.309298,0,1
B,21,24,3,fibonacci,157548.093765,binomial,157548.093765,0,1
B,21,24,4,binomial,157622.871514,fibonacci,157622.871514,0,1
B,21,24,5,fibonacci,157616.641493,binomial,157616.641493,0,1
B,21,24,6,binomial,157431.478071,fibonacci,157431.478071,0,1
B,21,24,7,fibonacci,157196.708333,binomial,157196.708333,0,1
B,21,24,8,binomial,157406.731906,fibonacci,157406.731906,0,1
B,21,24,9,fibonacci,157319.833109,binomial,157319.833109,0,1
B,22,24,0,binomial,624595.188837,fibonacci,624595.188837,0,1
B,22,24,1,fibonacci,625654.814406,binomial,625654.814406,0,1
B,22,24,2,binomial,625381.656919,fibonacci,625381.656919,0,1
B,22,24,3,fibonacci,626258.784709,binomial,626258.784709,0,1
B,22,24,4,binomial,626101.146464,fibonacci,626101.146464,0,1
B,22,24,5,fibonacci,625722.011154,binomial,625722.011154,0,1
B,22,24,6,binomial,625831.541606,fibonacci,625831.541606,0,1
B,22,24,7,fibonacci,626053.984821,binomial,626053.984821,0,1
B,22,24,8,binomial,625754.553882,fibonacci,625754.553882,0,1
B,22,24,9,fibonacci,625344.265269,binomial,625344.265269,0,1
C,18,18,0,binomial,131276.92117,fibonacci,131276.92117,0,1
C,18,18,1,fibonacci,131019.781096,binomial,131019.781096,0,1
C,18,18,2,binomial,130919.117655,fibonacci,130919.117655,0,1
C,18,18,3,fibonacci,131065.651421,binomial,131065.651421,0,1
C,18,18,4,binomial,131238.935631,fibonacci,131238.935631,0,1
C,18,18,5,fibonacci,131087.885974,binomial,131087.885974,0,1
C,18,18,6,binomial,131217.483813,fibonacci,131217.483813,0,1
C,18,18,7,fibonacci,131123.909513,binomial,131123.909513,0,1
C,18,18,8,binomial,131194.77715,fibonacci,131194.77715,0,1
C,18,18,9,fibonacci,130948.361257,binomial,130948.361257,0,1
C,18,19,0,binomial,74926.7018371,fibonacci,74926.7018371,0,1
C,18,19,1,fibonacci,74927.7803505,binomial,74927.7803505,0,1
C,18,19,2,binomial,74919.5709002,fibonacci,74919.5709002,0,1
C,18,19,3,fibonacci,74887.8011121,binomial,74887.8011121,0,1
C,18,19,4,binomial,75057.1014454,fibonacci,75057.1014454,0,1
C,18,19,5,fibonacci,75187.6411328,binomial,75187.6411328,0,1
C,18,19,6,binomial,75004.5016501,fibonacci,75004.5016501,0,1
C,18,19,7,fibonacci,74831.9058377,binomial,74831.9058377,0,1
C,18,19,8,binomial,74923.6379345,fibonacci,74923.6379345,0,1
C,18,19,9,fibonacci,74867.189918,binomial,74867.189918,0,1
C,18,20,0,binomial,39054.0533322,fibonacci,39054.0533322,0,1
C,18,20,1,fibonacci,39161.9656506,binomial,39161.9656506,0,1
C,18,20,2,binomial,38870.6789193,fibonacci,38870.6789193,0,1
C,18,20,3,fibonacci,38989.3979583,binomial,38989.3979583,0,1
C,18,20,4,binomial,39252.0877983,fibonacci,39252.0877983,0,1
C,18,20,5,fibonacci,39093.1791381,binomial,39093.1791381,0,1
C,18,20,6,binomial,39088.1922736,fibonacci,39088.1922736,0,1
C,18,20,7,fibonacci,39199.4090505,binomial,39199.4090505,0,1
C,18,20,8,binomial,39041.2920829,fibonacci,39041.2920829,0,1
C,18,20,9,fibonacci,38944.174997,binomial,38944.174997,0,1
C,18,21,0,binomial,19589.9713505,fibonacci,19589.9713505,0,1
C,18,21,1,fibonacci,19733.7499136,binomial,19733.7499136,0,1
C,18,21,2,binomial,19666.7938946,fibonacci,19666.7938946,0,1
C,18,21,3,fibonacci,19637.0417471,binomial,19637.0417471,0,1
C,18,21,4,binomial,19672.3696104,fibonacci,19672.3696104,0,1
C,18,21,5,fibonacci,19756.3980882,binomial,19756.3980882,0,1
C,18,21,6,binomial,19741.541619,fibonacci,19741.541619,0,1
C,18,21,7,fibonacci,19624.8107647,binomial,19624.8107647,0,1
C,18,21,8,binomial,19747.4573351,fibonacci,19747.4573351,0,1
C,18,21,9,fibonacci,19711.2235369,binomial,19711.2235369,0,1
C,18,22,0,binomial,9855.08935581,fibonacci,9855.08935581,0,1
C,18,22,1,fibonacci,9869.85735716,binomial,9869.85735716,0,1
C,18,22,2,binomial,9869.20660729,fibonacci,9869.20660729,0,1
C,18,22,3,fibonacci,9839.78391,binomial,9839.78391,0,1
C,18,22,4,binomial,9824.51945681,fibonacci,9824.51945681,0,1
C,18,22,5,fibonacci,9839.07925294,binomial,9839.07925294,0,1
C,18,22,6,binomial,9854.74221563,fibonacci,9854.74221563,0,1
C,18,22,7,fibonacci,9832.90544571,binomial,9832.90544571,0,1
C,18,22,8,binomial,9848.08925046,fibonacci,9848.08925046,0,1
C,18,22,9,fibonacci,9831.89035127,binomial,9831.89035127,0,1
D,14,22,0,binomial,37.9509531467,fibonacci,37.9509531467,0,1
D,14,22,1,fibonacci,38.776526825,binomial,38.776526825,0,1
D,14,22,2,binomial,37.952473162,fibonacci,37.952473162,0,1
D,14,22,3,fibonacci,38.5217413262,binomial,38.5217413262,0,1
D,14,22,4,binomial,38.2291742042,fibonacci,38.2291742042,0,1
D,14,22,5,fibonacci,38.7416820643,binomial,38.7416820643,0,1
D,14,22,6,binomial,37.9987561374,fibonacci,37.9987561374,0,1
D,14,22,7,fibonacci,38.8141836151,binomial,38.8141836151,0,1
D,14,22,8,binomial,38.5975611995,fibonacci,38.5975611995,0,1
D,14,22,9,fibonacci,38.1807166601,binomial,38.1807166601,0,1
D,15,22,0,binomial,153.121418545,fibonacci,153.121418545,0,1
D,15,22,1,fibonacci,153.414323778,binomial,153.414323778,0,1
D,15,22,2,binomial,151.949204863,fibonacci,151.949204863,0,1
D,15,22,3,fibonacci,152.879135825,binomial,152.879135825,0,1
D,15,22,4,binomial,154.025158343,fibonacci,154.025158343,0,1
D,15,22,5,fibonacci,154.33204294,binomial,154.33204294,0,1
D,15,22,6,binomial,152.590035182,fibonacci,152.590035182,0,1
D,15,22,7,fibonacci,154.936111382,binomial,154.936111382,0,1
D,15,22,8,binomial,153.98374261,fibonacci,153.98374261,0,1
D,15,22,9,fibonacci,153.772103895,binomial,153.772103895,0,1
D,16,22,0,binomial,616.290736743,fibonacci,616.290736743,0,1
D,16,22,1,fibonacci,613.493390972,binomial,613.493390972,0,1
D,16,22,2,binomial,615.801616919,fibonacci,615.801616919,0,1
D,16,22,3,fibonacci,615.764880816,binomial,615.764880816,0,1
D,16,22,4,binomial,615.811242832,fibonacci,615.811242832,0,1
D,16,22,5,fibonacci,614.562779115,binomial,614.562779115,0,1
D,16,22,6,binomial,613.394288443,fibonacci,613.394288443,0,1
D,16,22,7,fibonacci,612.344749944,binomial,612.344749944,0,1
D,16,22,8,binomial,614.503978857,fibonacci,614.503978857,0,1
D,16,22,9,fibonacci,611.845090111,binomial,611.845090111,0,1
D,17,22,0,binomial,2469.14788523,fibonacci,2469.14788523,0,1
D,17,22,1,fibonacci,2462.18074909,binomial,2462.18074909,0,1
D,17,22,2,binomial,2471.19617992,fibonacci,2471.19617992,0,1
D,17,22,3,fibonacci,2471.19251754,binomial,2471.19251754,0,1
D,17,22,4,binomial,2457.1281123,fibonacci,2457.1281123,0,1
D,17,22,5,fibonacci,2478.84345422,binomial,2478.84345422,0,1
D,17,22,6,binomial,2457.74789312,fibonacci,2457.74789312,0,1
D,17,22,7,fibonacci,2471.50355542,binomial,2471.50355542,0,1
D,17,22,8,binomial,2468.57761062,fibonacci,2468.57761062,0,1
D,17,22,9,fibonacci,2463.61847277,binomial,2463.61847277,0,1
D,18,22,0,binomial,9846.59645845,fibonacci,9846.59645845,0,1
D,18,22,1,fibonacci,9830.87030026,binomial,9830.87030026,0,1
D,18,22,2,binomial,9849.89164833,fibonacci,9849.89164833,0,1
D,18,22,3,fibonacci,9847.34734755,binomial,9847.34734755,0,1
D,18,22,4,binomial,9847.18388601,fibonacci,9847.18388601,0,1
D,18,22,5,fibonacci,9837.42155892,binomial,9837.42155892,0,1
D,18,22,6,binomial,9838.75006611,fibonacci,9838.75006611,0,1
D,18,22,7,fibonacci,9844.81966505,binomial,9844.81966505,0,1
D,18,22,8,binomial,9862.50430282,fibonacci,9862.50430282,0,1
D,18,22,9,fibonacci,9846.05342128,binomial,9846.05342128,0,1
